1	1	7	378	6	425	qq提现到挂失的银行卡中显示成功了怎么办最佳你好，显示的不过是提现成功罢了，还需要等待客服处理到账的。然而你银行卡是挂失状态的。客服处理时。就会处理失败。到时候会退钱给你的，希望我的回答对你有帮助。望采纳。提及凉拌,银行卡百度知道 2015-11-110我把钱提现到挂失的银行卡里了怎么办可以到账提及mail,挂失搜狗问问 2015-10-250支付宝提现到了挂失的银行卡百度知道 2010-04-030查看400条问答
None	2	7	378	431	475	您可能感兴趣暂时没有数据,刷新重试
3	3	17	81.03125	758	772	m.1398.org 
4	4	17	81.03125	758	772	m.1398.org 
None	5	7	378	791	1111	提现到挂失的银行卡里怎么办(约1869篇精品文章)有比我更蠢的么？支付宝提现到已经扔掉的银行卡上！天涯论坛2014.02.27邮政银行卡如何挂失金投网金投银行频道2015.05.2730怎么办！通过余额宝提现结果银行卡被盗刷！只能自吃哑巴亏...天涯论坛2015.06.19查看更多文章
None	6	17	99.484375	1218	1232	thwsjsw.gov.cn 
None	7	16	138.015625	1308	1327	2016年08月19日 - 
None	8	17	110.375	1508	1522	wangwenda.com 
None	9	16	138.015625	1598	1617	2016年03月05日 - 
None	10	17	78.359375	1777	1791	ahscez.net 
None	11	16	138.015625	1867	1886	2015年12月18日 - 
